text,label
I love writing code and solving problems,human
This article explores deep learning models in detail,human
Artificial intelligence is transforming industries,human
The weather is pleasant and the sky is clear,human
Machine learning is fascinating and useful,human
I enjoy solving coding problems every day,human
I like learning new technologies and improving my skills,human
Today I went for a walk and enjoyed the weather,human
I prefer working on projects that challenge me,human
Reading books helps me gain knowledge,human
I spent time with my friends and had fun,human
I am interested in artificial intelligence and machine learning,human
I enjoy writing code and debugging errors,human
I like listening to music while working,human
I try to stay consistent with my daily routine,human
I worked on my assignment and completed it successfully,human
I enjoy exploring new ideas and concepts,human
I feel happy when I achieve my goals,human
I like to learn from my mistakes,human
I enjoy spending time with my family,human
I focus on improving my problem solving skills,human
I practice coding regularly to improve,human
I try to manage my time effectively,human
I enjoy participating in technical events,human
I like working in a team environment,human
I prefer simple and clean code,human
I enjoy helping others learn new concepts,human
I am working towards becoming a full stack developer,human
I like building real world applications,human
I am interested in cybersecurity and data science,human
I enjoy solving logical problems,human
I like to stay updated with new technologies,human
I practice coding on different platforms,human
I enjoy working on innovative projects,human
I like to take challenges and solve them,human
I enjoy learning through practical experience,human
I prefer hands on learning,human
I like to explore different programming languages,human
I enjoy building web applications,human
I try to improve my communication skills,human
I like to stay focused on my goals,human
I enjoy learning from online courses,human
I like working on creative ideas,human
I enjoy solving real life problems using technology,human
I prefer structured learning,human
I like writing notes while studying,human
I enjoy understanding concepts deeply,human
I try to stay motivated every day,human
I enjoy collaborating with others,human
I like improving my technical skills,human
I enjoy building useful applications,human
I prefer practical knowledge over theory,human
I like solving coding challenges,human
I enjoy learning new frameworks,human
I like to keep things organized,human
This system generates responses using trained machine learning models,ai
The algorithm processes input data to produce meaningful output,ai
Artificial intelligence systems can automate various tasks efficiently,ai
This model analyzes patterns in the dataset to make predictions,ai
The system utilizes advanced techniques to improve performance,ai
Machine learning models are trained using large datasets,ai
The algorithm applies statistical methods to generate results,ai
The system is designed to handle complex computations effectively,ai
This approach improves accuracy and efficiency in predictions,ai
The model evaluates input data and provides appropriate output,ai
Artificial intelligence enables automation of repetitive tasks,ai
The system processes data and generates structured responses,ai
This method enhances the performance of predictive models,ai
The algorithm learns from data and adapts accordingly,ai
The system uses predefined rules to generate responses,ai
Machine learning techniques are widely used in modern applications,ai
The model improves over time with more training data,ai
This system is capable of analyzing large volumes of data,ai
The algorithm ensures consistency in output generation,ai
Artificial intelligence plays a key role in data analysis,ai
The system integrates multiple components for better performance,ai
This model is optimized for efficient computation,ai
The algorithm processes textual data for classification tasks,ai
The system uses trained parameters to generate results,ai
This approach allows scalable and efficient solutions,ai
The model provides accurate predictions based on input data,ai
The system automates decision making processes,ai
The algorithm evaluates features to classify data effectively,ai
Machine learning improves system performance over time,ai
The system is designed for intelligent data processing,ai
This model uses statistical techniques for analysis,ai
The algorithm generates output based on learned patterns,ai
The system enhances productivity through automation,ai
Artificial intelligence systems are widely used in industries,ai
The model processes input and produces reliable output,ai
This system is capable of handling dynamic data inputs,ai
The algorithm adapts to new data efficiently,ai
The system ensures accurate and consistent results,ai
This model supports scalable solutions for real world problems,ai
The algorithm is trained to recognize patterns in data,ai
The system is optimized for performance and accuracy,ai
Machine learning models require proper training and validation,ai
The system processes structured and unstructured data,ai
The algorithm enhances decision making capabilities,ai
This model is designed for predictive analysis,ai
Artificial intelligence improves efficiency in various tasks,ai
The system uses data driven approaches for problem solving,ai
The algorithm identifies patterns and generates output,ai
The model is trained using supervised learning techniques,ai
The system provides automated solutions for complex problems,ai
AI generated text often follows predictable patterns,ai
This content is created using an automated language model,ai
The system produces human like responses using training data,ai
This text is generated by an AI system for testing,ai
AI tools can generate essays answers and explanations,ai